Manuel,Perez,mperez1,Administracion,manuperez0993@gmail.com,mplamadrid1!,mplamadrid1!,MEDICINA GENERAL,undefined,mplamadrid1!
Jose,Tapias,jtapias1,Medico,tapiastj@gmail.com,12345678,12345678,MEDICINA GENERAL,123456789098765,undefined
Andres,Arrieta,aarrieta1,Medico,amaa.0310@gmail.com,12345678,12345678,MEDICINA LEGAL,123456789098765,undefined
Jerson,Orozco,jorozco1,SIAU,jerssono.s94@gmail.com,12345678,12345678,MEDICINA GENERAL,undefined,undefined
Monica,Barrios,mbarrios1,Enfermeria,barriosmonica22@gmail.com,12345678,12345678,MEDICINA GENERAL,undefined,undefined
Super,Usuario,superusuario,Super,superusuario@epsmajj.com,superuser,superuser,MEDICINA GENERAL,undefined,undefined